{
  "job_title_Backend Developer": 0.0005795690536884904,
  "job_title_Cloud Architect": 0.07851938816261235,
  "job_title_Cyber Security Analyst": 1.5217434322736542e-05,
  "job_title_Data Engineer": 0.002447454894669496,
  "job_title_Data Scientist": 0.010527833690451167,
  "job_title_DevOps Engineer": 0.013423543971041764,
  "job_title_Frontend Developer": 0.020672820929966373,
  "job_title_Fullstack Developer": 0.0,
  "job_title_Product Manager": 0.008924104505331265,
  "job_title_Software Engineer": 6.578710556030633e-06,
  "experience_level_Entry-level": 0.38608872299107316,
  "experience_level_Lead": 0.13018436856996157,
  "experience_level_Mid-level": 0.23171017653812886,
  "experience_level_Senior": 0.09018499574601503,
  "job_type_Hybrid": 0.0004748423353746324,
  "job_type_Onsite": 0.0006297962229777815,
  "job_type_Remote": 0.0054314126839744405,
  "industry_E-Commerce": 0.0003958884950250647,
  "industry_Education": 0.0004052580157193945,
  "industry_Finance": 0.0004039560836300775,
  "industry_Healthcare": 0.0004243190114620967,
  "industry_Tech": 0.00039953615322329606,
  "A/B Testing": 7.150352852908718e-05,
  "AWS": 0.0031754094125476862,
  "Agile": 0.0006005845586139698,
  "Airflow": 3.6063594630161506e-05,
  "Azure": 0.00014893681851604695,
  "Bash": 0.00011957130530603607,
  "CI/CD": 0.00023237743494729314,
  "Cloud Security": 0.00014537903605480384,
  "Communication": 0.0006017446485963085,
  "Cryptography": 7.556214140226949e-07,
  "Data Analytics": 6.360961006161928e-05,
  "Docker": 0.0008168458551083256,
  "ETL": 3.413487691929674e-05,
  "Enterprise Architecture": 0.00013929198243089664,
  "Express": 5.683493259608727e-06,
  "Firewalls": 1.638029873715466e-06,
  "GCP": 0.00013961024547796014,
  "Git": 0.000610122430365749,
  "Go": 0.0005019315543140936,
  "HTML/CSS": 0.00012752483575454612,
  "Hadoop": 3.661844582253949e-05,
  "Java": 2.0753852368858678e-05,
  "JavaScript": 0.0001248430599346857,
  "Jira": 7.612325265588893e-05,
  "Kafka": 3.790329593604088e-05,
  "Kubernetes": 0.0013261430581037595,
  "Linux": 0.00011096712898556849,
  "Machine Learning": 8.709896585026798e-05,
  "MongoDB": 1.1705390362633335e-05,
  "Network Security": 8.714677312956476e-07,
  "Node.js": 1.308849040054788e-05,
  "Pandas": 8.52188924628439e-05,
  "Penetration Testing": 1.6534259829077806e-06,
  "PostgreSQL": 1.1632378959073065e-05,
  "Problem Solving": 0.0006058190535265532,
  "Product Roadmap": 7.29869704304108e-05,
  "PySpark": 0.002171707556271914,
  "Python": 0.0013041179875893396,
  "R": 8.254410844386157e-05,
  "REST APIs": 2.901389954749806e-05,
  "React": 0.0004432504848242377,
  "Redis": 6.937053779157138e-06,
  "Redux": 0.00012255406867258642,
  "SIEM": 1.048614348120453e-07,
  "SQL": 0.0006095363672083379,
  "Sass": 0.0001209940078907719,
  "Scala": 3.457900091600251e-05,
  "Scrum": 7.018959780594236e-05,
  "Spring Boot": 2.1403945387318846e-05,
  "Statistics": 9.191473308212468e-05,
  "TensorFlow": 0.0007964803720676031,
  "Terraform": 0.0013557954054381587,
  "TypeScript": 0.0005062006986333927,
  "UI/UX Concepts": 6.787448278040064e-05,
  "Webpack": 0.00011863006884566788,
  "Wireshark": 2.4109794056056704e-07
}